{"mean":{"confidence_interval":{"confidence_level":0.95,"lower_bound":4725011.423874999,"upper_bound":4878374.961020833},"point_estimate":4798732.392499999,"standard_error":39006.908353467246},"median":{"confidence_interval":{"confidence_level":0.95,"lower_bound":4518294.666666667,"upper_bound":4670570.833333333},"point_estimate":4557954.75,"standard_error":37233.31388467207},"median_abs_dev":{"confidence_interval":{"confidence_level":0.95,"lower_bound":146443.31820011185,"upper_bound":306949.3442505591},"point_estimate":207313.18981945538,"standard_error":38433.52538686321},"slope":null,"std_dev":{"confidence_interval":{"confidence_level":0.95,"lower_bound":436299.06950202066,"upper_bound":664849.7087316777},"point_estimate":553998.6524799378,"standard_error":58493.11663057556}}