{"mean":{"confidence_interval":{"confidence_level":0.95,"lower_bound":22492093.0155,"upper_bound":23354469.027500007},"point_estimate":22882552.753333326,"standard_error":221050.98835626693},"median":{"confidence_interval":{"confidence_level":0.95,"lower_bound":22158970.166666664,"upper_bound":22350884.666666668},"point_estimate":22245885.333333336,"standard_error":48504.78891005534},"median_abs_dev":{"confidence_interval":{"confidence_level":0.95,"lower_bound":225951.94248855114,"upper_bound":439296.10190093704},"point_estimate":305995.53826749785,"standard_error":54148.923762012004},"slope":null,"std_dev":{"confidence_interval":{"confidence_level":0.95,"lower_bound":1205931.4085213654,"upper_bound":3091523.832010974},"point_estimate":2225224.8712222213,"standard_error":483584.1612631239}}