{"mean":{"confidence_interval":{"confidence_level":0.95,"lower_bound":4479137.105166671,"upper_bound":4502823.342729171},"point_estimate":4490623.467500002,"standard_error":6033.422532879508},"median":{"confidence_interval":{"confidence_level":0.95,"lower_bound":4458396.5,"upper_bound":4487097.083333333},"point_estimate":4472048.75,"standard_error":6433.474822559358},"median_abs_dev":{"confidence_interval":{"confidence_level":0.95,"lower_bound":55510.025614500046,"upper_bound":78238.28938849272},"point_estimate":66763.33006471395,"standard_error":5721.181111772132},"slope":null,"std_dev":{"confidence_interval":{"confidence_level":0.95,"lower_bound":70017.80325308788,"upper_bound":100247.54427890031},"point_estimate":85293.09772278601,"standard_error":7750.486127889599}}