{"mean":{"confidence_interval":{"confidence_level":0.95,"lower_bound":26012630.3695,"upper_bound":26742423.187625002},"point_estimate":26345113.305,"standard_error":187569.7584193276},"median":{"confidence_interval":{"confidence_level":0.95,"lower_bound":25817866.25,"upper_bound":25970135.0},"point_estimate":25894179.75,"standard_error":40021.69382356007},"median_abs_dev":{"confidence_interval":{"confidence_level":0.95,"lower_bound":260941.30186736584,"upper_bound":424324.9309167266},"point_estimate":345514.73476588726,"standard_error":40718.195823837144},"slope":null,"std_dev":{"confidence_interval":{"confidence_level":0.95,"lower_bound":1035785.492811858,"upper_bound":2549383.9002490346},"point_estimate":1883676.6496038532,"standard_error":385516.2697240911}}