{"mean":{"confidence_interval":{"confidence_level":0.95,"lower_bound":56466469.996625,"upper_bound":57133260.480875},"point_estimate":56785458.95,"standard_error":169722.39508495718},"median":{"confidence_interval":{"confidence_level":0.95,"lower_bound":55852489.5,"upper_bound":56060524.0},"point_estimate":55962820.5,"standard_error":50537.28270324681},"median_abs_dev":{"confidence_interval":{"confidence_level":0.95,"lower_bound":759497.4189162254,"upper_bound":1131297.9099154472},"point_estimate":916290.5204325914,"standard_error":93399.93407350703},"slope":null,"std_dev":{"confidence_interval":{"confidence_level":0.95,"lower_bound":1877167.71802793,"upper_bound":2890580.0104040983},"point_estimate":2405980.9407543065,"standard_error":258676.15826435963}}