{"mean":{"confidence_interval":{"confidence_level":0.95,"lower_bound":17533898.576666668,"upper_bound":17861643.0985},"point_estimate":17684350.48,"standard_error":84099.55916367212},"median":{"confidence_interval":{"confidence_level":0.95,"lower_bound":17338244.0,"upper_bound":17378983.5},"point_estimate":17361817.0,"standard_error":11378.854990757885},"median_abs_dev":{"confidence_interval":{"confidence_level":0.95,"lower_bound":233064.71586227417,"upper_bound":307026.4394491911},"point_estimate":265516.60538613796,"standard_error":18819.64869619074},"slope":null,"std_dev":{"confidence_interval":{"confidence_level":0.95,"lower_bound":930926.4023171881,"upper_bound":1945980.3868363227},"point_estimate":1456449.5399230008,"standard_error":261832.09125701405}}