{"mean":{"confidence_interval":{"confidence_level":0.95,"lower_bound":17520392.113333333,"upper_bound":18013000.494583335},"point_estimate":17745959.903333332,"standard_error":125575.01692388854},"median":{"confidence_interval":{"confidence_level":0.95,"lower_bound":17287943.5,"upper_bound":17343681.0},"point_estimate":17324954.5,"standard_error":15324.735352937176},"median_abs_dev":{"confidence_interval":{"confidence_level":0.95,"lower_bound":180467.3690910638,"upper_bound":238139.67410467565},"point_estimate":215455.87597489357,"standard_error":14610.514033060414},"slope":null,"std_dev":{"confidence_interval":{"confidence_level":0.95,"lower_bound":1374290.6578979304,"upper_bound":2868596.8685669093},"point_estimate":2181602.176786484,"standard_error":380493.88062620966}}