{"mean":{"confidence_interval":{"confidence_level":0.95,"lower_bound":24622717.975,"upper_bound":25936851.967249997},"point_estimate":25241159.185,"standard_error":334996.00984998234},"median":{"confidence_interval":{"confidence_level":0.95,"lower_bound":25465059.0,"upper_bound":25779177.5},"point_estimate":25691980.25,"standard_error":183859.36921202124},"median_abs_dev":{"confidence_interval":{"confidence_level":0.95,"lower_bound":474761.8700712919,"upper_bound":4882758.058963716},"point_estimate":4390726.4937490225,"standard_error":1543738.8383036307},"slope":null,"std_dev":{"confidence_interval":{"confidence_level":0.95,"lower_bound":2414821.2423651633,"upper_bound":4491737.32551081},"point_estimate":3354167.856148725,"standard_error":598221.0487345064}}