{"mean":{"confidence_interval":{"confidence_level":0.95,"lower_bound":54420369.643874995,"upper_bound":54615905.329375},"point_estimate":54518732.255,"standard_error":49953.28829997939},"median":{"confidence_interval":{"confidence_level":0.95,"lower_bound":54435520.0,"upper_bound":54702610.0},"point_estimate":54563908.0,"standard_error":65788.90946161035},"median_abs_dev":{"confidence_interval":{"confidence_level":0.95,"lower_bound":605834.0859442949,"upper_bound":827781.5259039402},"point_estimate":695782.6850473881,"standard_error":57549.224708066184},"slope":null,"std_dev":{"confidence_interval":{"confidence_level":0.95,"lower_bound":635537.0425221483,"upper_bound":775754.5826126555},"point_estimate":708056.5342593251,"standard_error":35811.54656283461}}