{"mean":{"confidence_interval":{"confidence_level":0.95,"lower_bound":287.10250124131903,"upper_bound":288.1502678276308},"point_estimate":287.59083068941925,"standard_error":0.26794797238857904},"median":{"confidence_interval":{"confidence_level":0.95,"lower_bound":286.5251104141903,"upper_bound":286.73486806273917},"point_estimate":286.6251136714028,"standard_error":0.0545244138138889},"median_abs_dev":{"confidence_interval":{"confidence_level":0.95,"lower_bound":0.29112551104349177,"upper_bound":0.5810587968123234},"point_estimate":0.38104385131038304,"standard_error":0.0769134108009879},"slope":{"confidence_interval":{"confidence_level":0.95,"lower_bound":287.36102196793667,"upper_bound":288.80646191552444},"point_estimate":288.0594609057451,"standard_error":0.37104833662133124},"std_dev":{"confidence_interval":{"confidence_level":0.95,"lower_bound":1.7254522899429277,"upper_bound":3.4571813690868165},"point_estimate":2.6751219653697627,"standard_error":0.4424892553697829}}