{"mean":{"confidence_interval":{"confidence_level":0.95,"lower_bound":25998580.005,"upper_bound":27393105.62},"point_estimate":26639788.75,"standard_error":356773.1913415006},"median":{"confidence_interval":{"confidence_level":0.95,"lower_bound":25286554.0,"upper_bound":25553038.0},"point_estimate":25412777.5,"standard_error":67707.88531296539},"median_abs_dev":{"confidence_interval":{"confidence_level":0.95,"lower_bound":400728.2403856516,"upper_bound":730255.7938491179},"point_estimate":550794.7858214378,"standard_error":81364.45782859801},"slope":null,"std_dev":{"confidence_interval":{"confidence_level":0.95,"lower_bound":2191518.231178179,"upper_bound":4780030.138461295},"point_estimate":3581653.602224107,"standard_error":665017.3180242551}}