{"mean":{"confidence_interval":{"confidence_level":0.95,"lower_bound":0.1074245392565807,"upper_bound":0.18595930364841828},"point_estimate":0.14419618553034907,"standard_error":0.019922883436931535},"median":{"confidence_interval":{"confidence_level":0.95,"lower_bound":0.021257042452659247,"upper_bound":0.07850268826390461},"point_estimate":0.04378026373701771,"standard_error":0.018161741873163082}}