{"mean":{"confidence_interval":{"confidence_level":0.95,"lower_bound":54662231.421125,"upper_bound":54876993.5},"point_estimate":54762266.46,"standard_error":54470.60007810495},"median":{"confidence_interval":{"confidence_level":0.95,"lower_bound":54658157.0,"upper_bound":54823753.0},"point_estimate":54744243.0,"standard_error":41064.56577900633},"median_abs_dev":{"confidence_interval":{"confidence_level":0.95,"lower_bound":442252.15914845467,"upper_bound":606939.3642246723},"point_estimate":538791.656434536,"standard_error":41889.749729031326},"slope":null,"std_dev":{"confidence_interval":{"confidence_level":0.95,"lower_bound":510352.6005072874,"upper_bound":1080151.066278777},"point_estimate":772126.5495164633,"standard_error":163500.17705705838}}