{"mean":{"confidence_interval":{"confidence_level":0.95,"lower_bound":59275019.89,"upper_bound":60379754.375},"point_estimate":59804473.725,"standard_error":280309.7507495442},"median":{"confidence_interval":{"confidence_level":0.95,"lower_bound":59234962.5,"upper_bound":59801687.0},"point_estimate":59614494.0,"standard_error":163997.8737249853},"median_abs_dev":{"confidence_interval":{"confidence_level":0.95,"lower_bound":2322426.8830686808,"upper_bound":4176769.526347518},"point_estimate":3465541.1147743464,"standard_error":503887.91219176183},"slope":null,"std_dev":{"confidence_interval":{"confidence_level":0.95,"lower_bound":3038140.147965405,"upper_bound":4934732.033480344},"point_estimate":3941138.4353046585,"standard_error":494062.39457694435}}