{"mean":{"confidence_interval":{"confidence_level":0.95,"lower_bound":57098962.4565,"upper_bound":57759740.78},"point_estimate":57418580.395,"standard_error":168693.29091482202},"median":{"confidence_interval":{"confidence_level":0.95,"lower_bound":56376820.0,"upper_bound":56702326.0},"point_estimate":56593703.5,"standard_error":79520.77517659453},"median_abs_dev":{"confidence_interval":{"confidence_level":0.95,"lower_bound":815533.0262213945,"upper_bound":1388832.1970432997},"point_estimate":1068692.9021269083,"standard_error":144599.4119841933},"slope":null,"std_dev":{"confidence_interval":{"confidence_level":0.95,"lower_bound":1929053.0765687977,"upper_bound":2834317.54513418},"point_estimate":2397593.0657407446,"standard_error":230647.45378692684}}