{"mean":{"confidence_interval":{"confidence_level":0.95,"lower_bound":17480692.694250003,"upper_bound":17580009.584750008},"point_estimate":17528331.64,"standard_error":25315.561471387562},"median":{"confidence_interval":{"confidence_level":0.95,"lower_bound":17421071.0,"upper_bound":17503612.5},"point_estimate":17459443.166666668,"standard_error":21810.41951564419},"median_abs_dev":{"confidence_interval":{"confidence_level":0.95,"lower_bound":127785.773576351,"upper_bound":222505.39174974334},"point_estimate":173124.1873264331,"standard_error":24744.639058998804},"slope":null,"std_dev":{"confidence_interval":{"confidence_level":0.95,"lower_bound":189985.76025867203,"upper_bound":315548.7691400084},"point_estimate":254804.14128317568,"standard_error":32248.637075115832}}