{"mean":{"confidence_interval":{"confidence_level":0.95,"lower_bound":17829331.832666676,"upper_bound":17981290.820083335},"point_estimate":17895551.89666666,"standard_error":38900.48972810537},"median":{"confidence_interval":{"confidence_level":0.95,"lower_bound":17751174.333333332,"upper_bound":17856812.0},"point_estimate":17795958.0,"standard_error":25931.127753790246},"median_abs_dev":{"confidence_interval":{"confidence_level":0.95,"lower_bound":120061.68716847897,"upper_bound":215635.06671421588},"point_estimate":170399.66277480125,"standard_error":23862.457893764218},"slope":null,"std_dev":{"confidence_interval":{"confidence_level":0.95,"lower_bound":198585.43432014843,"upper_bound":588255.6524632097},"point_estimate":390722.76530939527,"standard_error":116191.57053335906}}