{"mean":{"confidence_interval":{"confidence_level":0.95,"lower_bound":17724911.77208333,"upper_bound":18086833.83},"point_estimate":17891269.076666668,"standard_error":92994.02203235903},"median":{"confidence_interval":{"confidence_level":0.95,"lower_bound":17447679.0,"upper_bound":17616357.0},"point_estimate":17538469.0,"standard_error":42718.17058505729},"median_abs_dev":{"confidence_interval":{"confidence_level":0.95,"lower_bound":381129.0100336075,"upper_bound":549656.1490416527},"point_estimate":479303.8150906563,"standard_error":42890.236523856176},"slope":null,"std_dev":{"confidence_interval":{"confidence_level":0.95,"lower_bound":1040238.5754909046,"upper_bound":2141528.7228354984},"point_estimate":1610992.219176774,"standard_error":282775.19220149686}}