{"mean":{"confidence_interval":{"confidence_level":0.95,"lower_bound":22854812.91191668,"upper_bound":24148534.961000007},"point_estimate":23466718.48,"standard_error":330796.01116308785},"median":{"confidence_interval":{"confidence_level":0.95,"lower_bound":22065963.5,"upper_bound":22272953.0},"point_estimate":22191837.0,"standard_error":52323.01143585073},"median_abs_dev":{"confidence_interval":{"confidence_level":0.95,"lower_bound":361319.49758529296,"upper_bound":834600.003182888},"point_estimate":573532.9274177542,"standard_error":120835.97378497016},"slope":null,"std_dev":{"confidence_interval":{"confidence_level":0.95,"lower_bound":2392141.89763023,"upper_bound":4059241.3242700812},"point_estimate":3313248.385883506,"standard_error":425087.05270352727}}