{"mean":{"confidence_interval":{"confidence_level":0.95,"lower_bound":7558.21783128212,"upper_bound":7715.667831518933},"point_estimate":7631.018850713719,"standard_error":40.32001719522965},"median":{"confidence_interval":{"confidence_level":0.95,"lower_bound":7428.061778001004,"upper_bound":7438.60606060606},"point_estimate":7432.008706108706,"standard_error":2.920056523037444},"median_abs_dev":{"confidence_interval":{"confidence_level":0.95,"lower_bound":18.479501447880235,"upper_bound":34.28741659906819},"point_estimate":24.009380889502562,"standard_error":4.1759551100404755},"slope":{"confidence_interval":{"confidence_level":0.95,"lower_bound":7577.876230112231,"upper_bound":7803.952573555451},"point_estimate":7681.088067935092,"standard_error":57.990181217208},"std_dev":{"confidence_interval":{"confidence_level":0.95,"lower_bound":356.8195435017147,"upper_bound":760.2420276985026},"point_estimate":572.7263071730788,"standard_error":103.63573574194258}}