{"mean":{"confidence_interval":{"confidence_level":0.95,"lower_bound":0.044009324045067945,"upper_bound":0.13024575654453074},"point_estimate":0.0856702514687051,"standard_error":0.021910551033136032},"median":{"confidence_interval":{"confidence_level":0.95,"lower_bound":-0.029498787561796136,"upper_bound":0.08375960648090008},"point_estimate":-0.017998141210862295,"standard_error":0.04115176512742212}}