{"mean":{"confidence_interval":{"confidence_level":0.95,"lower_bound":47338875.05825,"upper_bound":47921800.326375},"point_estimate":47617308.525,"standard_error":149232.0634161295},"median":{"confidence_interval":{"confidence_level":0.95,"lower_bound":46910592.0,"upper_bound":47144110.5},"point_estimate":47044762.0,"standard_error":55348.06750422163},"median_abs_dev":{"confidence_interval":{"confidence_level":0.95,"lower_bound":644321.6399610043,"upper_bound":1092608.4999123213},"point_estimate":836322.0430523157,"standard_error":118354.19861871685},"slope":null,"std_dev":{"confidence_interval":{"confidence_level":0.95,"lower_bound":1623634.8905111372,"upper_bound":2593172.0206229202},"point_estimate":2123325.346331582,"standard_error":248711.8344668634}}