{"mean":{"confidence_interval":{"confidence_level":0.95,"lower_bound":46423996.0595,"upper_bound":46570856.724750005},"point_estimate":46494953.4,"standard_error":37552.012195206844},"median":{"confidence_interval":{"confidence_level":0.95,"lower_bound":46327544.0,"upper_bound":46512198.0},"point_estimate":46437773.0,"standard_error":44167.726391244156},"median_abs_dev":{"confidence_interval":{"confidence_level":0.95,"lower_bound":383455.09819731116,"upper_bound":535524.0616900474},"point_estimate":471396.3681310415,"standard_error":37779.14449850701},"slope":null,"std_dev":{"confidence_interval":{"confidence_level":0.95,"lower_bound":441568.6869520256,"upper_bound":630216.2842863718},"point_estimate":535203.4361246367,"standard_error":48476.575227248664}}