{"mean":{"confidence_interval":{"confidence_level":0.95,"lower_bound":5567242.652825001,"upper_bound":5635391.9935249975},"point_estimate":5598750.582,"standard_error":17429.897507498306},"median":{"confidence_interval":{"confidence_level":0.95,"lower_bound":5511465.699999999,"upper_bound":5529625.7},"point_estimate":5521412.6,"standard_error":4890.036974064874},"median_abs_dev":{"confidence_interval":{"confidence_level":0.95,"lower_bound":61328.19269120735,"upper_bound":97556.07531653355},"point_estimate":75458.40826034546,"standard_error":8847.559364208186},"slope":null,"std_dev":{"confidence_interval":{"confidence_level":0.95,"lower_bound":167367.9431953204,"upper_bound":330545.0893784482},"point_estimate":247694.61756315746,"standard_error":42614.62930932653}}