{"mean":{"confidence_interval":{"confidence_level":0.95,"lower_bound":17865348.690833334,"upper_bound":18341287.563333333},"point_estimate":18088630.786666665,"standard_error":121515.86905966315},"median":{"confidence_interval":{"confidence_level":0.95,"lower_bound":17422297.0,"upper_bound":17597451.0},"point_estimate":17526298.0,"standard_error":44156.24658385754},"median_abs_dev":{"confidence_interval":{"confidence_level":0.95,"lower_bound":399399.08950924873,"upper_bound":568136.0164135695},"point_estimate":515577.8473466635,"standard_error":43295.62204084371},"slope":null,"std_dev":{"confidence_interval":{"confidence_level":0.95,"lower_bound":1552813.1699521497,"upper_bound":2598170.2011349606},"point_estimate":2105818.548460903,"standard_error":267665.11982556887}}