{"mean":{"confidence_interval":{"confidence_level":0.95,"lower_bound":22186855.950000003,"upper_bound":22694169.955250002},"point_estimate":22413128.94,"standard_error":130420.48694983353},"median":{"confidence_interval":{"confidence_level":0.95,"lower_bound":22130924.333333336,"upper_bound":22293486.333333332},"point_estimate":22219091.666666664,"standard_error":37978.43121624577},"median_abs_dev":{"confidence_interval":{"confidence_level":0.95,"lower_bound":260043.34048330877,"upper_bound":512838.4967952976},"point_estimate":400956.80788159004,"standard_error":63957.960522682515},"slope":null,"std_dev":{"confidence_interval":{"confidence_level":0.95,"lower_bound":690505.2151289198,"upper_bound":1937112.4278762534},"point_estimate":1308982.3515564918,"standard_error":359299.5928007047}}