{"mean":{"confidence_interval":{"confidence_level":0.95,"lower_bound":22834223.398666665,"upper_bound":24039789.079499993},"point_estimate":23399752.89666667,"standard_error":310105.9730346453},"median":{"confidence_interval":{"confidence_level":0.95,"lower_bound":22204226.0,"upper_bound":22350691.0},"point_estimate":22283782.666666664,"standard_error":39194.43736793417},"median_abs_dev":{"confidence_interval":{"confidence_level":0.95,"lower_bound":330962.0276242504,"upper_bound":762511.9770877114},"point_estimate":521394.0870434046,"standard_error":100387.35332356284},"slope":null,"std_dev":{"confidence_interval":{"confidence_level":0.95,"lower_bound":2146955.679761371,"upper_bound":3957899.303851409},"point_estimate":3128465.336578376,"standard_error":464598.2687191937}}