{"mean":{"confidence_interval":{"confidence_level":0.95,"lower_bound":25154736.2065,"upper_bound":26074454.765375},"point_estimate":25556149.005,"standard_error":236808.6492769965},"median":{"confidence_interval":{"confidence_level":0.95,"lower_bound":25070362.5,"upper_bound":25188121.0},"point_estimate":25145198.0,"standard_error":27454.328667747457},"median_abs_dev":{"confidence_interval":{"confidence_level":0.95,"lower_bound":255857.46655762196,"upper_bound":514395.8445176482},"point_estimate":396844.1991046071,"standard_error":67249.97384159638},"slope":null,"std_dev":{"confidence_interval":{"confidence_level":0.95,"lower_bound":718048.518652347,"upper_bound":3516921.0731781037},"point_estimate":2380262.502962815,"standard_error":685298.9201655062}}