{"mean":{"confidence_interval":{"confidence_level":0.95,"lower_bound":17672399.29,"upper_bound":18271203.25725},"point_estimate":17941951.116666667,"standard_error":153898.76235429168},"median":{"confidence_interval":{"confidence_level":0.95,"lower_bound":17333826.0,"upper_bound":17394406.0},"point_estimate":17360256.0,"standard_error":15101.857531868645},"median_abs_dev":{"confidence_interval":{"confidence_level":0.95,"lower_bound":177088.4125560522,"upper_bound":241276.83711647987},"point_estimate":217338.03664147854,"standard_error":16894.192047844066},"slope":null,"std_dev":{"confidence_interval":{"confidence_level":0.95,"lower_bound":1352522.669002712,"upper_bound":3773863.979173218},"point_estimate":2666244.01490298,"standard_error":617023.3723608787}}