{"mean":{"confidence_interval":{"confidence_level":0.95,"lower_bound":17416607.20625,"upper_bound":17756730.856333334},"point_estimate":17573240.816666666,"standard_error":87082.5801873006},"median":{"confidence_interval":{"confidence_level":0.95,"lower_bound":17192880.8875,"upper_bound":17250143.0},"point_estimate":17220832.0,"standard_error":14917.5681578844},"median_abs_dev":{"confidence_interval":{"confidence_level":0.95,"lower_bound":158233.44739079475,"upper_bound":216472.19825685024},"point_estimate":183692.65413880348,"standard_error":14890.82634193891},"slope":null,"std_dev":{"confidence_interval":{"confidence_level":0.95,"lower_bound":966075.6480941373,"upper_bound":2042536.3009497747},"point_estimate":1517569.6403556822,"standard_error":278526.31753088173}}