{"mean":{"confidence_interval":{"confidence_level":0.95,"lower_bound":25197784.488,"upper_bound":25869991.005375},"point_estimate":25507106.64,"standard_error":171983.61303883497},"median":{"confidence_interval":{"confidence_level":0.95,"lower_bound":24999251.25,"upper_bound":25258241.0},"point_estimate":25128743.5,"standard_error":66840.7949799877},"median_abs_dev":{"confidence_interval":{"confidence_level":0.95,"lower_bound":378879.90587353706,"upper_bound":617634.5717135436},"point_estimate":503859.7478047013,"standard_error":60296.8958747087},"slope":null,"std_dev":{"confidence_interval":{"confidence_level":0.95,"lower_bound":1016591.0019220541,"upper_bound":2293865.928386361},"point_estimate":1720510.3666059691,"standard_error":324836.3757421249}}