{"mean":{"confidence_interval":{"confidence_level":0.95,"lower_bound":-0.07460375129149309,"upper_bound":-0.00697037614824468},"point_estimate":-0.04105179314323615,"standard_error":0.017227483199041226},"median":{"confidence_interval":{"confidence_level":0.95,"lower_bound":-0.031391126442694595,"upper_bound":-0.004006406916815974},"point_estimate":-0.01408329564974431,"standard_error":0.006759613803156542}}