{"mean":{"confidence_interval":{"confidence_level":0.95,"lower_bound":-0.024174163059362024,"upper_bound":0.07416364630481544},"point_estimate":0.021895014352350195,"standard_error":0.025084225837988503},"median":{"confidence_interval":{"confidence_level":0.95,"lower_bound":-0.014166883568022353,"upper_bound":-0.0071396772115366325},"point_estimate":-0.011433734729368816,"standard_error":0.0017984318201496306}}