{"mean":{"confidence_interval":{"confidence_level":0.95,"lower_bound":-0.21448205918964677,"upper_bound":-0.14484686430311272},"point_estimate":-0.1799170423651666,"standard_error":0.017717108784885877},"median":{"confidence_interval":{"confidence_level":0.95,"lower_bound":-0.2512674180473987,"upper_bound":-0.2439112882766291},"point_estimate":-0.24733485208027117,"standard_error":0.0018424331583604524}}