{"mean":{"confidence_interval":{"confidence_level":0.95,"lower_bound":0.0817385203405947,"upper_bound":0.10156347124138201},"point_estimate":0.09207448104221516,"standard_error":0.005161253220624253},"median":{"confidence_interval":{"confidence_level":0.95,"lower_bound":0.0800743541909581,"upper_bound":0.09294959360018455},"point_estimate":0.08896371075950404,"standard_error":0.0033529659567069574}}