{"mean":{"confidence_interval":{"confidence_level":0.95,"lower_bound":-0.01384581147978887,"upper_bound":-0.004866592087025801},"point_estimate":-0.008980448188382284,"standard_error":0.0022857502952385233},"median":{"confidence_interval":{"confidence_level":0.95,"lower_bound":-0.01062858548816914,"upper_bound":-0.0036174700190645392},"point_estimate":-0.0077540350187103035,"standard_error":0.0019341306270332951}}