{"mean":{"confidence_interval":{"confidence_level":0.95,"lower_bound":-0.04193491846696815,"upper_bound":0.008991892050502385},"point_estimate":-0.015772770201873287,"standard_error":0.01297080050817215},"median":{"confidence_interval":{"confidence_level":0.95,"lower_bound":0.0027845710222886844,"upper_bound":0.022134912805306328},"point_estimate":0.014238519634142577,"standard_error":0.005184102605460196}}