{"mean":{"confidence_interval":{"confidence_level":0.95,"lower_bound":23311887.70249999,"upper_bound":24251445.577083327},"point_estimate":23738751.070000004,"standard_error":241000.66347072666},"median":{"confidence_interval":{"confidence_level":0.95,"lower_bound":23030303.5,"upper_bound":23206885.333333336},"point_estimate":23132647.0,"standard_error":51747.080097545855},"median_abs_dev":{"confidence_interval":{"confidence_level":0.95,"lower_bound":270870.9904810788,"upper_bound":487961.2105369577},"point_estimate":360743.2603955269,"standard_error":54885.77454308218},"slope":null,"std_dev":{"confidence_interval":{"confidence_level":0.95,"lower_bound":1308343.0733307307,"upper_bound":3315269.4728835244},"point_estimate":2423745.881367206,"standard_error":513899.1707969315}}