{"mean":{"confidence_interval":{"confidence_level":0.95,"lower_bound":26057688.452375,"upper_bound":27868753.67375},"point_estimate":26914356.125,"standard_error":463353.1712120541},"median":{"confidence_interval":{"confidence_level":0.95,"lower_bound":24736248.0,"upper_bound":25065935.25},"point_estimate":24940482.75,"standard_error":92953.09643105087},"median_abs_dev":{"confidence_interval":{"confidence_level":0.95,"lower_bound":633804.8170477152,"upper_bound":1554503.107202053},"point_estimate":1004601.2172147632,"standard_error":229878.24118758473},"slope":null,"std_dev":{"confidence_interval":{"confidence_level":0.95,"lower_bound":3500137.365809802,"upper_bound":5583642.983387433},"point_estimate":4632492.889737322,"standard_error":532391.4239967751}}