{"mean":{"confidence_interval":{"confidence_level":0.95,"lower_bound":-0.016587675986059577,"upper_bound":-0.005742041436991937},"point_estimate":-0.01087718742677135,"standard_error":0.0027710652901250625},"median":{"confidence_interval":{"confidence_level":0.95,"lower_bound":-0.011196541752528266,"upper_bound":-0.005968777044843665},"point_estimate":-0.00837430007400064,"standard_error":0.00131669712266656}}