{"mean":{"confidence_interval":{"confidence_level":0.95,"lower_bound":-0.012558180955288396,"upper_bound":-0.006672310703907862},"point_estimate":-0.009621355630669126,"standard_error":0.0015063307306600966},"median":{"confidence_interval":{"confidence_level":0.95,"lower_bound":-0.011562548064533718,"upper_bound":-0.010235406600848984},"point_estimate":-0.010836619159352301,"standard_error":0.00034443266143593097}}