{"mean":{"confidence_interval":{"confidence_level":0.95,"lower_bound":-0.014835767989220995,"upper_bound":0.0003418388305631534},"point_estimate":-0.006565027392730238,"standard_error":0.00389445822706928},"median":{"confidence_interval":{"confidence_level":0.95,"lower_bound":0.002036513291322928,"upper_bound":0.0036647929145410263},"point_estimate":0.0028451578879873374,"standard_error":0.0004291009199855165}}