{"mean":{"confidence_interval":{"confidence_level":0.95,"lower_bound":-0.03519682032888039,"upper_bound":-0.030985402683766077},"point_estimate":-0.03320178272130714,"standard_error":0.0010696024881362912},"median":{"confidence_interval":{"confidence_level":0.95,"lower_bound":-0.035534227688807395,"upper_bound":-0.03099777804549264},"point_estimate":-0.03305310622276303,"standard_error":0.001153866830662876}}