{"mean":{"confidence_interval":{"confidence_level":0.95,"lower_bound":0.009841163729335646,"upper_bound":0.01950900770962543},"point_estimate":0.014371317787713167,"standard_error":0.002447673564906662},"median":{"confidence_interval":{"confidence_level":0.95,"lower_bound":0.009311857511883792,"upper_bound":0.013469352674893686},"point_estimate":0.011772122335801605,"standard_error":0.0010637818929664837}}