{"mean":{"confidence_interval":{"confidence_level":0.95,"lower_bound":0.017589053655115094,"upper_bound":0.03176756252425195},"point_estimate":0.024139289168531475,"standard_error":0.003725641371509865},"median":{"confidence_interval":{"confidence_level":0.95,"lower_bound":0.009905402067130975,"upper_bound":0.016487147567839644},"point_estimate":0.013071018715733906,"standard_error":0.0016142341675923048}}