{"mean":{"confidence_interval":{"confidence_level":0.95,"lower_bound":0.04724546968738916,"upper_bound":0.05949443172539699},"point_estimate":0.0531899407791907,"standard_error":0.0031171030742749755},"median":{"confidence_interval":{"confidence_level":0.95,"lower_bound":0.032819577986422876,"upper_bound":0.04028628267804413},"point_estimate":0.03720033213163543,"standard_error":0.001836209919681854}}