{"mean":{"confidence_interval":{"confidence_level":0.95,"lower_bound":17686284.75,"upper_bound":17807209.753666665},"point_estimate":17742474.31,"standard_error":30796.808270025806},"median":{"confidence_interval":{"confidence_level":0.95,"lower_bound":17575538.0,"upper_bound":17633337.5},"point_estimate":17600580.0,"standard_error":14675.563321267911},"median_abs_dev":{"confidence_interval":{"confidence_level":0.95,"lower_bound":192429.6157836914,"upper_bound":264705.08575804526},"point_estimate":218257.24862515926,"standard_error":18601.80077405489},"slope":null,"std_dev":{"confidence_interval":{"confidence_level":0.95,"lower_bound":343498.90329368314,"upper_bound":703480.3348891719},"point_estimate":532891.3602536233,"standard_error":91710.01329904977}}