{"mean":{"confidence_interval":{"confidence_level":0.95,"lower_bound":55729287.61725,"upper_bound":56355707.91275},"point_estimate":56023766.015,"standard_error":160546.94871678142},"median":{"confidence_interval":{"confidence_level":0.95,"lower_bound":55253475.0,"upper_bound":55436705.5},"point_estimate":55354172.0,"standard_error":39471.350583302396},"median_abs_dev":{"confidence_interval":{"confidence_level":0.95,"lower_bound":523467.5031065941,"upper_bound":737645.3779041767},"point_estimate":637681.0746788979,"standard_error":55758.63483004666},"slope":null,"std_dev":{"confidence_interval":{"confidence_level":0.95,"lower_bound":1598675.2796634692,"upper_bound":2887414.5730758556},"point_estimate":2274673.7509367308,"standard_error":329436.46979262686}}