{"mean":{"confidence_interval":{"confidence_level":0.95,"lower_bound":2428651.8768522735,"upper_bound":2456813.966284091},"point_estimate":2442026.227272727,"standard_error":7175.267503246327},"median":{"confidence_interval":{"confidence_level":0.95,"lower_bound":2399009.6363636362,"upper_bound":2408278.6363636362},"point_estimate":2402023.5,"standard_error":2353.49173115827},"median_abs_dev":{"confidence_interval":{"confidence_level":0.95,"lower_bound":17076.31693319866,"upper_bound":29947.845559228488},"point_estimate":22997.753837162767,"standard_error":3261.989966680826},"slope":null,"std_dev":{"confidence_interval":{"confidence_level":0.95,"lower_bound":77573.29099842453,"upper_bound":122832.97545677781},"point_estimate":101692.89911451313,"standard_error":11530.710042612904}}