{"mean":{"confidence_interval":{"confidence_level":0.95,"lower_bound":5513315.920000001,"upper_bound":5541767.525000001},"point_estimate":5527207.1680000005,"standard_error":7255.225643977697},"median":{"confidence_interval":{"confidence_level":0.95,"lower_bound":5496482.6,"upper_bound":5517254.2},"point_estimate":5505610.0,"standard_error":4986.668848775627},"median_abs_dev":{"confidence_interval":{"confidence_level":0.95,"lower_bound":64756.40861034338,"upper_bound":90108.86816024863},"point_estimate":80655.66246807575,"standard_error":6455.972196697627},"slope":null,"std_dev":{"confidence_interval":{"confidence_level":0.95,"lower_bound":85330.97772279354,"upper_bound":119002.93643905278},"point_estimate":103058.95836399835,"standard_error":8599.9470968867}}