{"mean":{"confidence_interval":{"confidence_level":0.95,"lower_bound":17794108.658916667,"upper_bound":18274087.294},"point_estimate":18019030.046666667,"standard_error":123015.24312639199},"median":{"confidence_interval":{"confidence_level":0.95,"lower_bound":17389118.5,"upper_bound":17476249.0},"point_estimate":17430062.0,"standard_error":20800.930608685823},"median_abs_dev":{"confidence_interval":{"confidence_level":0.95,"lower_bound":210933.2047551871,"upper_bound":302889.98552262783},"point_estimate":265426.16678774357,"standard_error":23710.683820806466},"slope":null,"std_dev":{"confidence_interval":{"confidence_level":0.95,"lower_bound":1523241.6470160985,"upper_bound":2698593.3710254272},"point_estimate":2144275.2853844054,"standard_error":300287.9869068633}}