{"mean":{"confidence_interval":{"confidence_level":0.95,"lower_bound":25455008.3805,"upper_bound":26559601.223125},"point_estimate":25949642.81,"standard_error":283911.0854080971},"median":{"confidence_interval":{"confidence_level":0.95,"lower_bound":25207425.0,"upper_bound":25369189.5},"point_estimate":25290660.0,"standard_error":44515.99787240484},"median_abs_dev":{"confidence_interval":{"confidence_level":0.95,"lower_bound":293691.93528592587,"upper_bound":558055.8191925287},"point_estimate":440203.5766348243,"standard_error":65023.968483836696},"slope":null,"std_dev":{"confidence_interval":{"confidence_level":0.95,"lower_bound":1250865.3675067972,"upper_bound":3997053.155017068},"point_estimate":2864288.359493249,"standard_error":679968.2179306123}}