{"mean":{"confidence_interval":{"confidence_level":0.95,"lower_bound":22380902.209583335,"upper_bound":23121877.593916666},"point_estimate":22720371.619999994,"standard_error":190374.28651211155},"median":{"confidence_interval":{"confidence_level":0.95,"lower_bound":22212746.0,"upper_bound":22381050.666666668},"point_estimate":22288138.166666668,"standard_error":44224.435416737884},"median_abs_dev":{"confidence_interval":{"confidence_level":0.95,"lower_bound":307590.14249168546,"upper_bound":624179.2838186044},"point_estimate":403763.36963176634,"standard_error":77681.20240195005},"slope":null,"std_dev":{"confidence_interval":{"confidence_level":0.95,"lower_bound":1087224.9051099897,"upper_bound":2560091.3378206617},"point_estimate":1907946.7535320863,"standard_error":374407.7659374759}}