{"mean":{"confidence_interval":{"confidence_level":0.95,"lower_bound":17499511.95375,"upper_bound":17859992.169916667},"point_estimate":17666223.166666668,"standard_error":92554.07769744402},"median":{"confidence_interval":{"confidence_level":0.95,"lower_bound":17248924.0,"upper_bound":17320867.5},"point_estimate":17287828.0,"standard_error":19841.50351489288},"median_abs_dev":{"confidence_interval":{"confidence_level":0.95,"lower_bound":180765.2048932761,"upper_bound":238789.07142564654},"point_estimate":200934.55053269863,"standard_error":14666.977608378786},"slope":null,"std_dev":{"confidence_interval":{"confidence_level":0.95,"lower_bound":1055019.9567290475,"upper_bound":2081638.2651574637},"point_estimate":1600402.9461369666,"standard_error":262252.3660694051}}