{"mean":{"confidence_interval":{"confidence_level":0.95,"lower_bound":21856242.23216667,"upper_bound":22401349.847833335},"point_estimate":22108297.78666666,"standard_error":139802.59037991377},"median":{"confidence_interval":{"confidence_level":0.95,"lower_bound":21676617.666666668,"upper_bound":22030336.5},"point_estimate":21861967.666666668,"standard_error":81766.91069797105},"median_abs_dev":{"confidence_interval":{"confidence_level":0.95,"lower_bound":513818.9895778885,"upper_bound":869857.2189569464},"point_estimate":651171.2518393993,"standard_error":94924.30353443166},"slope":null,"std_dev":{"confidence_interval":{"confidence_level":0.95,"lower_bound":875089.9374389425,"upper_bound":1840804.0466106127},"point_estimate":1405151.0479755944,"standard_error":247088.03891895484}}